id,editor,site,title,published_at,indexed,pv
1,张三,yanke.net,文章1,2026-05-01 11:14:00,0,849
2,赵六,meiyan.com,文章2,2026-05-02 08:05:00,0,1915
3,李四,yuezi.org,文章3,2026-05-03 11:28:00,1,2288
4,李四,yuezi.org,文章4,2026-05-04 13:17:00,0,1773
5,张三,meiyan.com,文章5,2026-05-05 14:06:00,1,2827
6,王五,meiyan.com,文章6,2026-05-05 19:29:00,1,1032
7,赵六,meiyan.com,文章7,2026-05-05 16:18:00,1,2972
8,张三,meiyan.com,文章8,2026-05-06 18:14:00,1,663
9,李四,meiyan.com,文章9,2026-05-06 14:17:00,1,2998
10,王五,yanke.net,文章10,2026-05-07 11:42:00,1,594
11,李四,kouqiang.cn,文章11,2026-05-07 10:29:00,1,2221
12,王五,meiyan.com,文章12,2026-05-08 11:52:00,0,2594
13,赵六,yanke.net,文章13,2026-05-08 09:13:00,1,2587
14,赵六,yuezi.org,文章14,2026-05-09 22:58:00,1,3768
15,李四,yanke.net,文章15,2026-05-09 10:15:00,1,4608
16,赵六,yuezi.org,文章16,2026-05-10 13:14:00,0,4184
17,赵六,meiyan.com,文章17,2026-05-10 20:03:00,0,1262
18,李四,yuezi.org,文章18,2026-05-10 17:04:00,1,3136
19,王五,meiyan.com,文章19,2026-05-11 18:46:00,0,4408
20,王五,yanke.net,文章20,2026-05-11 09:18:00,1,1305
21,赵六,meiyan.com,文章21,2026-05-11 19:56:00,1,2167
22,李四,meiyan.com,文章22,2026-05-11 21:40:00,1,4168
23,李四,yanke.net,文章23,2026-05-12 20:10:00,1,4354
24,张三,yanke.net,文章24,2026-05-12 15:01:00,0,2983
25,李四,meiyan.com,文章25,2026-05-13 11:56:00,1,655
26,张三,yuezi.org,文章26,2026-05-13 21:04:00,1,1040
27,李四,yuezi.org,文章27,2026-05-13 16:10:00,1,4332
28,李四,kouqiang.cn,文章28,2026-05-14 19:19:00,1,3069
29,赵六,yuezi.org,文章29,2026-05-14 09:15:00,0,534
30,王五,meiyan.com,文章30,2026-05-14 17:35:00,0,4830
31,李四,meiyan.com,文章31,2026-05-14 09:45:00,1,492
32,张三,meiyan.com,文章32,2026-05-15 21:21:00,0,4221
33,李四,yanke.net,文章33,2026-05-15 18:31:00,0,4427
34,赵六,kouqiang.cn,文章34,2026-05-16 20:30:00,1,1569
35,张三,meiyan.com,文章35,2026-05-16 18:27:00,1,3479
36,赵六,meiyan.com,文章36,2026-05-17 18:41:00,1,816
37,张三,yuezi.org,文章37,2026-05-17 19:21:00,0,2046
38,李四,kouqiang.cn,文章38,2026-05-17 16:28:00,0,3466
39,李四,yanke.net,文章39,2026-05-17 15:15:00,0,3640
40,张三,meiyan.com,文章40,2026-05-18 09:59:00,0,1372
41,赵六,yuezi.org,文章41,2026-05-19 11:55:00,1,490
42,李四,yuezi.org,文章42,2026-05-19 08:24:00,1,3737
43,王五,yuezi.org,文章43,2026-05-19 19:46:00,1,3996
44,李四,kouqiang.cn,文章44,2026-05-19 12:13:00,0,4754
45,王五,meiyan.com,文章45,2026-05-20 08:37:00,1,4129
46,张三,meiyan.com,文章46,2026-05-21 21:11:00,0,4884
47,张三,kouqiang.cn,文章47,2026-05-21 14:07:00,1,2026
48,张三,yuezi.org,文章48,2026-05-22 18:37:00,1,4292
49,王五,kouqiang.cn,文章49,2026-05-23 18:45:00,1,1965
50,王五,yuezi.org,文章50,2026-05-23 10:42:00,1,2467
51,赵六,yanke.net,文章51,2026-05-23 22:48:00,0,86
52,张三,meiyan.com,文章52,2026-05-24 16:13:00,1,2182
53,李四,yanke.net,文章53,2026-05-24 22:04:00,0,3037
54,王五,kouqiang.cn,文章54,2026-05-24 15:53:00,1,2488
55,张三,yanke.net,文章55,2026-05-24 22:42:00,0,1110
56,张三,meiyan.com,文章56,2026-05-25 19:35:00,0,2241
57,王五,kouqiang.cn,文章57,2026-05-25 19:21:00,0,2172
58,赵六,yanke.net,文章58,2026-05-25 22:58:00,0,766
59,王五,meiyan.com,文章59,2026-05-26 08:21:00,0,2155
60,李四,yuezi.org,文章60,2026-05-26 16:45:00,1,4604
61,张三,meiyan.com,文章61,2026-05-26 09:56:00,1,1231
62,张三,yanke.net,文章62,2026-05-26 17:35:00,0,3530
63,张三,yanke.net,文章63,2026-05-27 13:57:00,0,2941
64,李四,kouqiang.cn,文章64,2026-05-27 18:06:00,1,4596
65,李四,kouqiang.cn,文章65,2026-05-28 21:10:00,0,3387
66,张三,kouqiang.cn,文章66,2026-05-28 19:59:00,1,3382
67,李四,yanke.net,文章67,2026-05-28 10:50:00,1,895
68,赵六,meiyan.com,文章68,2026-05-28 21:30:00,0,1644
69,王五,yanke.net,文章69,2026-05-29 21:50:00,0,1836
70,张三,kouqiang.cn,文章70,2026-05-29 14:21:00,1,578
71,王五,yanke.net,文章71,2026-05-29 18:32:00,1,4402
72,王五,meiyan.com,文章72,2026-05-29 09:56:00,1,1472
73,张三,meiyan.com,文章73,2026-05-30 17:27:00,1,2579
74,赵六,meiyan.com,文章74,2026-05-30 14:57:00,1,1567
75,王五,meiyan.com,文章75,2026-05-30 19:27:00,0,4269
76,王五,yuezi.org,文章76,2026-05-31 09:42:00,1,2581
77,张三,yanke.net,文章77,2026-05-31 16:19:00,1,3355
78,张三,meiyan.com,文章78,2026-05-31 09:05:00,1,2682
79,张三,meiyan.com,文章79,2026-05-31 14:05:00,1,3306
80,张三,meiyan.com,文章80,2026-05-31 21:05:00,1,2432
81,李四,kouqiang.cn,文章81,2026-06-01 10:00:00,1,3454
82,赵六,kouqiang.cn,文章82,2026-06-02 10:00:00,1,4672
83,王五,yuezi.org,文章83,2026-06-03 10:00:00,1,4498
84,张三,yanke.net,文章84,2026-06-04 10:00:00,1,2360
85,李四,yuezi.org,文章85,2026-06-05 10:00:00,1,4761
